router,epoch,train_loss
mirt,1,0.5560009470784851
mirt,2,0.5233871822269799
mirt,3,0.5166909557986634
mirt,4,0.5123679546161471
mirt,5,0.5093721283043866
mirt,6,0.5072497501735288
mirt,7,0.5055824271983501
mirt,8,0.5041831939008223
mirt,9,0.502984650378452
nirt,1,0.5404161989376807
nirt,2,0.5102904400900397
nirt,3,0.5035415206904187
nirt,4,0.4996523613080929
nirt,5,0.49740233552393487
